tai2,64737ed4-5bf5-39ff-ba2c-7dcfcd690e84
tutucas,a1f51b87-0c36-3b99-91e6-2036d86217cc
chymuelo,0119bbf9-3481-3117-aa20-d2c267808a73
tai3,b02795f3-67c2-3cba-af5f-ffe866d68870
tai1,4475a007-b076-35c0-a58e-33b5ba923b35
lucas,f56ef01f-30f8-3307-9e4b-70fb0c98a8a2
lulaa,7d9deeb4-be5e-3b84-9c66-61e6b46f6e19
fernanflow,eeaa2c58-a75e-303b-b1ee-26b871b3a899
lesansnom,58eeb570-25f5-35b7-bef0-6e79a5207deb
nachinsheep,4bce4614-72e9-370b-b287-af1a9e1678f6
0_tomy_0,01c30d13-10b5-354c-8741-95d47a462d25
flames,a9932477-a1b5-3140-8d9f-b2572b0333a5
joaquin,386de523-e971-3ef2-a261-efcae197ceaa
horancio,b00538e0-3893-327a-a277-1e1b12c6450a
m2wdakota,e872fc58-c98b-32f6-922d-ad6db61d2a92
aqu_gm,d435579c-e023-363d-a506-1cdacd51d6d7
romerovich,6e9afc82-f202-3ee4-a07f-60fb91cce9a9
snt_player,6615cd7c-041a-372c-a966-4c1524cda3fc
valen6000,9806207b-6821-3873-ad18-e41db0354965
dead_ware,0ecccd40-71dc-3187-8b24-d01a61534bb4
mandy1914,2fdc6901-bf2e-3beb-bb7e-bd727e9993f0
taielmartinez,909e7f3b-f48a-3d54-aa49-93c614013cee
taielmartinez2,1a3229ca-b17b-350a-a67c-7887d1de00be
